[
    {
        "username": "user1",
        "class": "肝臟影像",
        "file_count": 1,
        "filenames": [
            "patch4_1118_11.png"
        ],
        "timestamp": "2024-07-18T19:27:49.075334"
    },
    {
        "username": "user1",
        "class": "肝臟影像",
        "file_count": 1,
        "filenames": [
            "patch4_1118_11.png"
        ],
        "timestamp": "2024-07-18T19:31:57.813086"
    },
    {
        "username": "user1",
        "class": "肝纖維影像",
        "file_count": 1,
        "filenames": "[\"patch4_1118_11.png\"]",
        "timestamp": "2024-07-18T20:35:14.957751"
    }
]