[
    {
        "username": "None",
        "key": "None",
        "filename": "liver_model.txt",
        "timestamp": "2024-07-18T18:42:09.986963"
    },
    {
        "username": "user1",
        "key": "key1",
        "filename": "liver_model.txt",
        "timestamp": "2024-07-18T18:42:51.031686"
    },
    {
        "username": "user1",
        "key": "key1",
        "filename": "liver_model.txt",
        "timestamp": "2024-07-18T18:47:47.556549"
    },
    {
        "username": "user1",
        "key": "key1",
        "filename": "breast_cancer_ki67_model.txt",
        "timestamp": "2024-07-18T18:59:24.801010"
    },
    {
        "username": "user1",
        "key": "key1",
        "filename": "breast_cancer_ki67_model.txt",
        "timestamp": "2024-07-18T19:09:00.303960"
    },
    {
        "username": "user1",
        "key": "key1",
        "filename": "breast_cancer_ki67_model.txt",
        "timestamp": "2024-07-18T19:27:36.697150"
    },
    {
        "username": "user1",
        "key": "key1",
        "filename": "breast_cancer_ki67_model.txt",
        "timestamp": "2024-07-18T19:30:05.988213"
    },
    {
        "username": "user1",
        "key": "key1",
        "filename": "乳癌ki67模型",
        "timestamp": "2024-07-18T20:35:06.606565"
    }
]